{
  "project_info": {
    "project_number": "185165808996",
    "firebase_url": "https://testopentrace-c3787-default-rtdb.firebaseio.com",
    "project_id": "testopentrace-c3787",
    "storage_bucket": "testopentrace-c3787.appspot.com"
  },
  "client": [
    {
      "client_info": {
        "mobilesdk_app_id": "1:185165808996:android:38a41cebcb03390ca22671",
        "android_client_info": {
          "package_name": "io.bluetrace.opentrace"
        }
      },
      "oauth_client": [
        {
          "client_id": "185165808996-s7jh6uf49mnedm2slnotejpqcong8hn6.apps.googleusercontent.com",
          "client_type": 1,
          "android_info": {
            "package_name": "io.bluetrace.opentrace",
            "certificate_hash": "33ec0e0f39f907a317a6b14899c7bd437a001963"
          }
        },
        {
          "client_id": "185165808996-rn3cnntqouqug0ulfv4i2ef7s9mpvi19.apps.googleusercontent.com",
          "client_type": 3
        }
      ],
      "api_key": [
        {
          "current_key": "AIzaSyBpizLCtuRYsj5ruWQ18K5GK8JYeQ82xKc"
        }
      ],
      "services": {
        "appinvite_service": {
          "other_platform_oauth_client": [
            {
              "client_id": "185165808996-rn3cnntqouqug0ulfv4i2ef7s9mpvi19.apps.googleusercontent.com",
              "client_type": 3
            }
          ]
        }
      }
    }
  ],
  "configuration_version": "1"
}